{
  "shapes": [
    {
      "top": 0,
      "left": 0,
      "width": 14,
      "height": 3,
      "background": "solid",
      "backgroundColor": "yellow",
      "line": "char",
      "lineChar": "*",
      "fill": "wrapper",
      "fillText": "Hello World!"
    },
    {
      "top": 5,
      "left": 0,
      "width": 14,
      "height": 10,
      "background": "solid",
      "backgroundColor": "pink",
      "line": "char",
      "lineChar": "*",
      "fill": "wrapper",
      "fillText": "NoGoodPlaceToBreakThisBigLongRunonWordLikeThereWasNoWorkingSpaceBarOnMyComputer!"
    },
    {
      "top": 0,
      "left": 20,
      "width": 9,
      "height": 9,
      "background": "solid",
      "backgroundColor": "yellow",
      "line": "char",
      "lineChar": "*",
      "fill": "wrapper",
      "fillText": "And so it began, the great debugging!"
    },
    {
      "top": 0,
      "left": 30,
      "width": 30,
      "height": 15,
      "background": "solid",
      "backgroundColor": "yellow",
      "line": "char",
      "lineChar": "*",
      "fill": "wrapper",
      "fillText": "Code Monkey get up get coffee. Code Monkey go to job. Code Monkey have boring meeting with boring manager Rob. Rob say Code Monkey very diligent, but his output stink. His code not functional or elegant. What do Code Monkey think? Code Monkey think maybe manager want to write goddamn login page himself. Code Monkey not say it out loud. Code Monkey not crazy just proud."
    },
    {
      "top": 0,
      "left": 65,
      "width": 13,
      "height": 10,
      "background": "solid",
      "backgroundColor": "yellow",
      "line": "char",
      "lineChar": "*",
      "fill": "wrapper",
      "fillText": "And there was much rejoicing!"
    },




    {
      "top": 16,
      "left": 0,
      "width": 8,
      "height": 8,
      "background": "solid",
      "backgroundColor": "cyan",
      "line": "char",
      "lineChar": "*",
      "fill": "wrapper",
      "fillText": "a b c d e f g h i j k l m n o p q r s t u v w x y z A B C D E F G H I J K L M O P Q R S T U V W X Y Z "
    },
    {
      "top": 16,
      "left": 9,
      "width": 8,
      "height": 8,
      "background": "solid",
      "backgroundColor": "green",
      "line": "char",
      "lineChar": "*",
      "fill": "wrapper",
      "fillText": "a b c d e f g h i j k l m n o p q r s t u v w x y z A B C D E F G H I J K L M O P Q R S T U V W X Y Z "
    },
    {
      "top": 16,
      "left": 20,
      "width": 7,
      "height": 8,
      "background": "solid",
      "backgroundColor": "magenta",
      "line": "char",
      "lineChar": "*",
      "fill": "wrapper",
      "fillText": "a b c d e f g h i j k l m n o p q r s t u v w x y z A B C D E F G H I J K L M O P Q R S T U V W X Y Z "
    },
    {
      "top": 16,
      "left": 30,
      "width": 9,
      "height": 8,
      "background": "solid",
      "backgroundColor": "light gray",
      "line": "char",
      "lineChar": "*",
      "fill": "wrapper",
      "fillText": "a b c d e f g h i j k l m n o p q r s t u v w x y z A B C D E F G H I J K L M O P Q R S T U V W X Y Z "
    },
    {
      "top": 16,
      "left": 40,
      "width": 9,
      "height": 8,
      "background": "solid",
      "backgroundColor": "cyan",
      "line": "char",
      "lineChar": "*",
      "fill": "wrapper",
      "fillText": "a b c d e f g h i j k l m n o p q r s t u v w x y z A B C D E F G H I J K L M O P Q R S T U V W X Y Z "
    },
    {
      "top": 16,
      "left": 50,
      "width": 9,
      "height": 3,
      "background": "solid",
      "backgroundColor": "green",
      "line": "char",
      "lineChar": "*",
      "fill": "wrapper",
      "fillText": "a b c d e f g h i j k l m n o p q r s t u v w x y z A B C D E F G H I J K L M O P Q R S T U V W X Y Z "
    },
    {
      "top": 16,
      "left": 60,
      "width": 20,
      "height": 5,
      "background": "solid",
      "backgroundColor": "red",
      "line": "char",
      "lineChar": "*",
      "fill": "wrapper",
      "fillText": "Hey yal!"
    }
  ]
}